EURUSD.csv,EURJPY.csv,EURAUD.csv,AUDUSD.csv,GBPJPY.csv
-910.6221642385052,-38721.023601230074,-855.9550282647212,-456.0499063513978,-15094.523601230076
