Currency,PnL,Inventory,Number of Buys,Number of Sells
EURUSD.csv,2083.4609392402167,-1953.4054392402165,35,51
EURJPY.csv,21197.839483779386,-8290.839483779375,47,51
EURAUD.csv,7422.578132168678,-7279.935132168678,23,75
AUDUSD.csv,2646.331635800212,-2555.135635800212,11,40
GBPJPY.csv,23006.53186082728,-7912.03186082729,47,51
