Currency,PnL,Inventory,Number of Buys,Number of Sells
EURUSD.csv,7628.790263340038,-7498.7347633400395,1328,1386
EURAUD.csv,56290.94161857279,-56148.29861857279,1302,1696
AUDUSD.csv,5608.379095222633,-5517.183095222631,740,801
