Currency,PnL,Inventory,Number of Buys,Number of Sells
EURUSD.csv,263220.57710506185,-263090.5216050618,307,2329
EURAUD.csv,408174.4549293636,-408031.8119293637,69,2929
AUDUSD.csv,42730.73625272515,-42639.54025272514,509,977
