Currency,PnL,Inventory,Number of Buys,Number of Sells
EURUSD.csv,330263.45640875,-330133.40090874996,643,3180
EURAUD.csv,1517082.1557006992,-1516939.512700699,2614,13250
AUDUSD.csv,156039.44586156352,-155948.24986156353,1220,2928
