Currency,PnL,Inventory,Number of Buys,Number of Sells
EURUSD.csv,3385.138856860172,-3255.0833568601724,29,55
EURJPY.csv,1265197.366464389,-1252290.3664643888,0,98
EURAUD.csv,10846.660499466092,-10704.017499466092,11,87
AUDUSD.csv,2646.327220336927,-2555.131220336926,11,40
GBPJPY.csv,1358686.9615037374,-1343592.4615037374,4,94
